<annotation>
	<folder>images</folder>
	<filename>103_json.jpg</filename>
	<path>/home/anastasiia/CV_hse/pogruzchik/images/103_json.jpg</path>
	<source>
		<database>Unknown</database>
	</source>
	<size>
		<width>978</width>
		<height>664</height>
		<depth>3</depth>
	</size>
	<segmented>0</segmented>
	<object>
		<name>manipulator</name>
		<pose>Unspecified</pose>
		<truncated>0</truncated>
		<difficult>0</difficult>
		<bndbox>
			<xmin>163</xmin>
			<ymin>270</ymin>
			<xmax>709</xmax>
			<ymax>591</ymax>
		</bndbox>
	</object>
</annotation>
