<annotation>
	<folder>images</folder>
	<filename>106_json.jpg</filename>
	<path>/home/anastasiia/CV_hse/pogruzchik/images/106_json.jpg</path>
	<source>
		<database>Unknown</database>
	</source>
	<size>
		<width>1050</width>
		<height>787</height>
		<depth>3</depth>
	</size>
	<segmented>0</segmented>
	<object>
		<name>manipulator</name>
		<pose>Unspecified</pose>
		<truncated>0</truncated>
		<difficult>0</difficult>
		<bndbox>
			<xmin>149</xmin>
			<ymin>24</ymin>
			<xmax>563</xmax>
			<ymax>782</ymax>
		</bndbox>
	</object>
</annotation>
