<annotation>
	<folder>images</folder>
	<filename>1080_json.jpg</filename>
	<path>/home/anastasiia/CV_hse/pogruzchik/images/1080_json.jpg</path>
	<source>
		<database>Unknown</database>
	</source>
	<size>
		<width>1199</width>
		<height>800</height>
		<depth>3</depth>
	</size>
	<segmented>0</segmented>
	<object>
		<name>manipulator</name>
		<pose>Unspecified</pose>
		<truncated>0</truncated>
		<difficult>0</difficult>
		<bndbox>
			<xmin>121</xmin>
			<ymin>225</ymin>
			<xmax>1167</xmax>
			<ymax>711</ymax>
		</bndbox>
	</object>
</annotation>
