<annotation>
	<folder>images</folder>
	<filename>1185_json.jpg</filename>
	<path>/home/anastasiia/CV_hse/pogruzchik/images/1185_json.jpg</path>
	<source>
		<database>Unknown</database>
	</source>
	<size>
		<width>1100</width>
		<height>830</height>
		<depth>3</depth>
	</size>
	<segmented>0</segmented>
	<object>
		<name>manipulator</name>
		<pose>Unspecified</pose>
		<truncated>0</truncated>
		<difficult>0</difficult>
		<bndbox>
			<xmin>52</xmin>
			<ymin>74</ymin>
			<xmax>1009</xmax>
			<ymax>791</ymax>
		</bndbox>
	</object>
</annotation>
