<annotation>
	<folder>images</folder>
	<filename>1288_json.jpg</filename>
	<path>/home/anastasiia/CV_hse/pogruzchik/images/1288_json.jpg</path>
	<source>
		<database>Unknown</database>
	</source>
	<size>
		<width>1195</width>
		<height>803</height>
		<depth>3</depth>
	</size>
	<segmented>0</segmented>
	<object>
		<name>manipulator</name>
		<pose>Unspecified</pose>
		<truncated>0</truncated>
		<difficult>0</difficult>
		<bndbox>
			<xmin>307</xmin>
			<ymin>254</ymin>
			<xmax>980</xmax>
			<ymax>759</ymax>
		</bndbox>
	</object>
</annotation>
