<annotation>
	<folder>images</folder>
	<filename>1434_json.jpg</filename>
	<path>/home/anastasiia/CV_hse/pogruzchik/images/1434_json.jpg</path>
	<source>
		<database>Unknown</database>
	</source>
	<size>
		<width>1170</width>
		<height>770</height>
		<depth>3</depth>
	</size>
	<segmented>0</segmented>
	<object>
		<name>manipulator</name>
		<pose>Unspecified</pose>
		<truncated>0</truncated>
		<difficult>0</difficult>
		<bndbox>
			<xmin>355</xmin>
			<ymin>239</ymin>
			<xmax>970</xmax>
			<ymax>748</ymax>
		</bndbox>
	</object>
</annotation>
