<annotation>
	<folder>images</folder>
	<filename>1493_json.jpg</filename>
	<path>/home/anastasiia/CV_hse/pogruzchik/images/1493_json.jpg</path>
	<source>
		<database>Unknown</database>
	</source>
	<size>
		<width>1136</width>
		<height>750</height>
		<depth>3</depth>
	</size>
	<segmented>0</segmented>
	<object>
		<name>manipulator</name>
		<pose>Unspecified</pose>
		<truncated>0</truncated>
		<difficult>0</difficult>
		<bndbox>
			<xmin>188</xmin>
			<ymin>210</ymin>
			<xmax>1018</xmax>
			<ymax>696</ymax>
		</bndbox>
	</object>
</annotation>
