<annotation>
	<folder>images</folder>
	<filename>1634_json.jpg</filename>
	<path>/home/anastasiia/CV_hse/pogruzchik/images/1634_json.jpg</path>
	<source>
		<database>Unknown</database>
	</source>
	<size>
		<width>1133</width>
		<height>722</height>
		<depth>3</depth>
	</size>
	<segmented>0</segmented>
	<object>
		<name>manipulator</name>
		<pose>Unspecified</pose>
		<truncated>0</truncated>
		<difficult>0</difficult>
		<bndbox>
			<xmin>233</xmin>
			<ymin>120</ymin>
			<xmax>943</xmax>
			<ymax>668</ymax>
		</bndbox>
	</object>
</annotation>
