<annotation>
	<folder>images</folder>
	<filename>1647_json.jpg</filename>
	<path>/home/anastasiia/CV_hse/pogruzchik/images/1647_json.jpg</path>
	<source>
		<database>Unknown</database>
	</source>
	<size>
		<width>1200</width>
		<height>800</height>
		<depth>3</depth>
	</size>
	<segmented>0</segmented>
	<object>
		<name>manipulator</name>
		<pose>Unspecified</pose>
		<truncated>0</truncated>
		<difficult>0</difficult>
		<bndbox>
			<xmin>168</xmin>
			<ymin>196</ymin>
			<xmax>1135</xmax>
			<ymax>727</ymax>
		</bndbox>
	</object>
</annotation>
