<annotation>
	<folder>images</folder>
	<filename>1703_json.jpg</filename>
	<path>/home/anastasiia/CV_hse/pogruzchik/images/1703_json.jpg</path>
	<source>
		<database>Unknown</database>
	</source>
	<size>
		<width>1190</width>
		<height>764</height>
		<depth>3</depth>
	</size>
	<segmented>0</segmented>
	<object>
		<name>manipulator</name>
		<pose>Unspecified</pose>
		<truncated>0</truncated>
		<difficult>0</difficult>
		<bndbox>
			<xmin>262</xmin>
			<ymin>286</ymin>
			<xmax>803</xmax>
			<ymax>681</ymax>
		</bndbox>
	</object>
</annotation>
