<annotation>
	<folder>images</folder>
	<filename>176_json.jpg</filename>
	<path>/home/anastasiia/CV_hse/pogruzchik/images/176_json.jpg</path>
	<source>
		<database>Unknown</database>
	</source>
	<size>
		<width>939</width>
		<height>617</height>
		<depth>3</depth>
	</size>
	<segmented>0</segmented>
	<object>
		<name>manipulator</name>
		<pose>Unspecified</pose>
		<truncated>0</truncated>
		<difficult>0</difficult>
		<bndbox>
			<xmin>259</xmin>
			<ymin>187</ymin>
			<xmax>782</xmax>
			<ymax>549</ymax>
		</bndbox>
	</object>
</annotation>
