<annotation>
	<folder>images</folder>
	<filename>1846_json.jpg</filename>
	<path>/home/anastasiia/CV_hse/pogruzchik/images/1846_json.jpg</path>
	<source>
		<database>Unknown</database>
	</source>
	<size>
		<width>1095</width>
		<height>800</height>
		<depth>3</depth>
	</size>
	<segmented>0</segmented>
	<object>
		<name>manipulator</name>
		<pose>Unspecified</pose>
		<truncated>0</truncated>
		<difficult>0</difficult>
		<bndbox>
			<xmin>171</xmin>
			<ymin>169</ymin>
			<xmax>837</xmax>
			<ymax>777</ymax>
		</bndbox>
	</object>
</annotation>
