<annotation>
	<folder>images</folder>
	<filename>1922_json.jpg</filename>
	<path>/home/anastasiia/CV_hse/pogruzchik/images/1922_json.jpg</path>
	<source>
		<database>Unknown</database>
	</source>
	<size>
		<width>1059</width>
		<height>740</height>
		<depth>3</depth>
	</size>
	<segmented>0</segmented>
	<object>
		<name>manipulator</name>
		<pose>Unspecified</pose>
		<truncated>0</truncated>
		<difficult>0</difficult>
		<bndbox>
			<xmin>196</xmin>
			<ymin>173</ymin>
			<xmax>1017</xmax>
			<ymax>679</ymax>
		</bndbox>
	</object>
</annotation>
