<annotation>
	<folder>images</folder>
	<filename>1943_json.jpg</filename>
	<path>/home/anastasiia/CV_hse/pogruzchik/images/1943_json.jpg</path>
	<source>
		<database>Unknown</database>
	</source>
	<size>
		<width>1100</width>
		<height>719</height>
		<depth>3</depth>
	</size>
	<segmented>0</segmented>
	<object>
		<name>manipulator</name>
		<pose>Unspecified</pose>
		<truncated>0</truncated>
		<difficult>0</difficult>
		<bndbox>
			<xmin>176</xmin>
			<ymin>115</ymin>
			<xmax>964</xmax>
			<ymax>638</ymax>
		</bndbox>
	</object>
</annotation>
