<annotation>
	<folder>images</folder>
	<filename>2046_json.jpg</filename>
	<path>/home/anastasiia/CV_hse/pogruzchik/images/2046_json.jpg</path>
	<source>
		<database>Unknown</database>
	</source>
	<size>
		<width>1060</width>
		<height>795</height>
		<depth>3</depth>
	</size>
	<segmented>0</segmented>
	<object>
		<name>manipulator</name>
		<pose>Unspecified</pose>
		<truncated>0</truncated>
		<difficult>0</difficult>
		<bndbox>
			<xmin>125</xmin>
			<ymin>103</ymin>
			<xmax>937</xmax>
			<ymax>770</ymax>
		</bndbox>
	</object>
</annotation>
