<annotation>
	<folder>images</folder>
	<filename>2069_json.jpg</filename>
	<path>/home/anastasiia/CV_hse/pogruzchik/images/2069_json.jpg</path>
	<source>
		<database>Unknown</database>
	</source>
	<size>
		<width>1151</width>
		<height>800</height>
		<depth>3</depth>
	</size>
	<segmented>0</segmented>
	<object>
		<name>manipulator</name>
		<pose>Unspecified</pose>
		<truncated>0</truncated>
		<difficult>0</difficult>
		<bndbox>
			<xmin>38</xmin>
			<ymin>60</ymin>
			<xmax>921</xmax>
			<ymax>781</ymax>
		</bndbox>
	</object>
</annotation>
