<annotation>
	<folder>images</folder>
	<filename>2101_json.jpg</filename>
	<path>/home/anastasiia/CV_hse/pogruzchik/images/2101_json.jpg</path>
	<source>
		<database>Unknown</database>
	</source>
	<size>
		<width>1063</width>
		<height>779</height>
		<depth>3</depth>
	</size>
	<segmented>0</segmented>
	<object>
		<name>manipulator</name>
		<pose>Unspecified</pose>
		<truncated>0</truncated>
		<difficult>0</difficult>
		<bndbox>
			<xmin>117</xmin>
			<ymin>248</ymin>
			<xmax>1002</xmax>
			<ymax>718</ymax>
		</bndbox>
	</object>
</annotation>
