<annotation>
	<folder>images</folder>
	<filename>243_json.jpg</filename>
	<path>/home/anastasiia/CV_hse/pogruzchik/images/243_json.jpg</path>
	<source>
		<database>Unknown</database>
	</source>
	<size>
		<width>1067</width>
		<height>800</height>
		<depth>3</depth>
	</size>
	<segmented>0</segmented>
	<object>
		<name>manipulator</name>
		<pose>Unspecified</pose>
		<truncated>0</truncated>
		<difficult>0</difficult>
		<bndbox>
			<xmin>139</xmin>
			<ymin>180</ymin>
			<xmax>822</xmax>
			<ymax>719</ymax>
		</bndbox>
	</object>
</annotation>
