<annotation>
	<folder>images</folder>
	<filename>2585_json.jpg</filename>
	<path>/home/anastasiia/CV_hse/pogruzchik/images/2585_json.jpg</path>
	<source>
		<database>Unknown</database>
	</source>
	<size>
		<width>1193</width>
		<height>777</height>
		<depth>3</depth>
	</size>
	<segmented>0</segmented>
	<object>
		<name>manipulator</name>
		<pose>Unspecified</pose>
		<truncated>0</truncated>
		<difficult>0</difficult>
		<bndbox>
			<xmin>29</xmin>
			<ymin>86</ymin>
			<xmax>1146</xmax>
			<ymax>765</ymax>
		</bndbox>
	</object>
</annotation>
