<annotation>
	<folder>images</folder>
	<filename>259_json.jpg</filename>
	<path>/home/anastasiia/CV_hse/pogruzchik/images/259_json.jpg</path>
	<source>
		<database>Unknown</database>
	</source>
	<size>
		<width>1045</width>
		<height>720</height>
		<depth>3</depth>
	</size>
	<segmented>0</segmented>
	<object>
		<name>manipulator</name>
		<pose>Unspecified</pose>
		<truncated>0</truncated>
		<difficult>0</difficult>
		<bndbox>
			<xmin>196</xmin>
			<ymin>195</ymin>
			<xmax>984</xmax>
			<ymax>653</ymax>
		</bndbox>
	</object>
</annotation>
