<annotation>
	<folder>images</folder>
	<filename>2618_json.jpg</filename>
	<path>/home/anastasiia/CV_hse/pogruzchik/images/2618_json.jpg</path>
	<source>
		<database>Unknown</database>
	</source>
	<size>
		<width>1024</width>
		<height>675</height>
		<depth>3</depth>
	</size>
	<segmented>0</segmented>
	<object>
		<name>manipulator</name>
		<pose>Unspecified</pose>
		<truncated>0</truncated>
		<difficult>0</difficult>
		<bndbox>
			<xmin>115</xmin>
			<ymin>34</ymin>
			<xmax>987</xmax>
			<ymax>591</ymax>
		</bndbox>
	</object>
</annotation>
