<annotation>
	<folder>images</folder>
	<filename>2628_json.jpg</filename>
	<path>/home/anastasiia/CV_hse/pogruzchik/images/2628_json.jpg</path>
	<source>
		<database>Unknown</database>
	</source>
	<size>
		<width>1024</width>
		<height>646</height>
		<depth>3</depth>
	</size>
	<segmented>0</segmented>
	<object>
		<name>manipulator</name>
		<pose>Unspecified</pose>
		<truncated>0</truncated>
		<difficult>0</difficult>
		<bndbox>
			<xmin>158</xmin>
			<ymin>14</ymin>
			<xmax>940</xmax>
			<ymax>629</ymax>
		</bndbox>
	</object>
</annotation>
