<annotation>
	<folder>images</folder>
	<filename>2639_json.jpg</filename>
	<path>/home/anastasiia/CV_hse/pogruzchik/images/2639_json.jpg</path>
	<source>
		<database>Unknown</database>
	</source>
	<size>
		<width>1000</width>
		<height>607</height>
		<depth>3</depth>
	</size>
	<segmented>0</segmented>
	<object>
		<name>manipulator</name>
		<pose>Unspecified</pose>
		<truncated>0</truncated>
		<difficult>0</difficult>
		<bndbox>
			<xmin>13</xmin>
			<ymin>112</ymin>
			<xmax>983</xmax>
			<ymax>560</ymax>
		</bndbox>
	</object>
</annotation>
