<annotation>
	<folder>images</folder>
	<filename>2807_json.jpg</filename>
	<path>/home/anastasiia/CV_hse/pogruzchik/images/2807_json.jpg</path>
	<source>
		<database>Unknown</database>
	</source>
	<size>
		<width>985</width>
		<height>680</height>
		<depth>3</depth>
	</size>
	<segmented>0</segmented>
	<object>
		<name>manipulator</name>
		<pose>Unspecified</pose>
		<truncated>0</truncated>
		<difficult>0</difficult>
		<bndbox>
			<xmin>83</xmin>
			<ymin>113</ymin>
			<xmax>947</xmax>
			<ymax>575</ymax>
		</bndbox>
	</object>
</annotation>
