<annotation>
	<folder>images</folder>
	<filename>411_json.jpg</filename>
	<path>/home/anastasiia/CV_hse/pogruzchik/images/411_json.jpg</path>
	<source>
		<database>Unknown</database>
	</source>
	<size>
		<width>824</width>
		<height>720</height>
		<depth>3</depth>
	</size>
	<segmented>0</segmented>
	<object>
		<name>manipulator</name>
		<pose>Unspecified</pose>
		<truncated>0</truncated>
		<difficult>0</difficult>
		<bndbox>
			<xmin>113</xmin>
			<ymin>45</ymin>
			<xmax>736</xmax>
			<ymax>657</ymax>
		</bndbox>
	</object>
</annotation>
