<annotation>
	<folder>images</folder>
	<filename>427_json.jpg</filename>
	<path>/home/anastasiia/CV_hse/pogruzchik/images/427_json.jpg</path>
	<source>
		<database>Unknown</database>
	</source>
	<size>
		<width>1024</width>
		<height>683</height>
		<depth>3</depth>
	</size>
	<segmented>0</segmented>
	<object>
		<name>manipulator</name>
		<pose>Unspecified</pose>
		<truncated>0</truncated>
		<difficult>0</difficult>
		<bndbox>
			<xmin>232</xmin>
			<ymin>192</ymin>
			<xmax>836</xmax>
			<ymax>607</ymax>
		</bndbox>
	</object>
</annotation>
