<annotation>
	<folder>images</folder>
	<filename>532_json.jpg</filename>
	<path>/home/anastasiia/CV_hse/pogruzchik/images/532_json.jpg</path>
	<source>
		<database>Unknown</database>
	</source>
	<size>
		<width>1100</width>
		<height>753</height>
		<depth>3</depth>
	</size>
	<segmented>0</segmented>
	<object>
		<name>manipulator</name>
		<pose>Unspecified</pose>
		<truncated>0</truncated>
		<difficult>0</difficult>
		<bndbox>
			<xmin>216</xmin>
			<ymin>34</ymin>
			<xmax>928</xmax>
			<ymax>732</ymax>
		</bndbox>
	</object>
</annotation>
