<annotation>
	<folder>images</folder>
	<filename>553_json.jpg</filename>
	<path>/home/anastasiia/CV_hse/pogruzchik/images/553_json.jpg</path>
	<source>
		<database>Unknown</database>
	</source>
	<size>
		<width>1180</width>
		<height>780</height>
		<depth>3</depth>
	</size>
	<segmented>0</segmented>
	<object>
		<name>manipulator</name>
		<pose>Unspecified</pose>
		<truncated>0</truncated>
		<difficult>0</difficult>
		<bndbox>
			<xmin>301</xmin>
			<ymin>194</ymin>
			<xmax>947</xmax>
			<ymax>748</ymax>
		</bndbox>
	</object>
</annotation>
