<annotation>
	<folder>images</folder>
	<filename>573_json.jpg</filename>
	<path>/home/anastasiia/CV_hse/pogruzchik/images/573_json.jpg</path>
	<source>
		<database>Unknown</database>
	</source>
	<size>
		<width>1147</width>
		<height>768</height>
		<depth>3</depth>
	</size>
	<segmented>0</segmented>
	<object>
		<name>manipulator</name>
		<pose>Unspecified</pose>
		<truncated>1</truncated>
		<difficult>0</difficult>
		<bndbox>
			<xmin>89</xmin>
			<ymin>1</ymin>
			<xmax>994</xmax>
			<ymax>758</ymax>
		</bndbox>
	</object>
</annotation>
