<annotation>
	<folder>images</folder>
	<filename>696_json.jpg</filename>
	<path>/home/anastasiia/CV_hse/pogruzchik/images/696_json.jpg</path>
	<source>
		<database>Unknown</database>
	</source>
	<size>
		<width>1024</width>
		<height>768</height>
		<depth>3</depth>
	</size>
	<segmented>0</segmented>
	<object>
		<name>manipulator</name>
		<pose>Unspecified</pose>
		<truncated>0</truncated>
		<difficult>0</difficult>
		<bndbox>
			<xmin>21</xmin>
			<ymin>286</ymin>
			<xmax>883</xmax>
			<ymax>724</ymax>
		</bndbox>
	</object>
</annotation>
