<annotation>
	<folder>images</folder>
	<filename>746_json.jpg</filename>
	<path>/home/anastasiia/CV_hse/pogruzchik/images/746_json.jpg</path>
	<source>
		<database>Unknown</database>
	</source>
	<size>
		<width>1200</width>
		<height>800</height>
		<depth>3</depth>
	</size>
	<segmented>0</segmented>
	<object>
		<name>manipulator</name>
		<pose>Unspecified</pose>
		<truncated>0</truncated>
		<difficult>0</difficult>
		<bndbox>
			<xmin>253</xmin>
			<ymin>442</ymin>
			<xmax>974</xmax>
			<ymax>740</ymax>
		</bndbox>
	</object>
</annotation>
