<annotation>
	<folder>images</folder>
	<filename>747_json.jpg</filename>
	<path>/home/anastasiia/CV_hse/pogruzchik/images/747_json.jpg</path>
	<source>
		<database>Unknown</database>
	</source>
	<size>
		<width>1100</width>
		<height>826</height>
		<depth>3</depth>
	</size>
	<segmented>0</segmented>
	<object>
		<name>manipulator</name>
		<pose>Unspecified</pose>
		<truncated>0</truncated>
		<difficult>0</difficult>
		<bndbox>
			<xmin>141</xmin>
			<ymin>361</ymin>
			<xmax>876</xmax>
			<ymax>734</ymax>
		</bndbox>
	</object>
</annotation>
