<annotation>
	<folder>images</folder>
	<filename>803_json.jpg</filename>
	<path>/home/anastasiia/CV_hse/pogruzchik/images/803_json.jpg</path>
	<source>
		<database>Unknown</database>
	</source>
	<size>
		<width>1080</width>
		<height>773</height>
		<depth>3</depth>
	</size>
	<segmented>0</segmented>
	<object>
		<name>manipulator</name>
		<pose>Unspecified</pose>
		<truncated>0</truncated>
		<difficult>0</difficult>
		<bndbox>
			<xmin>214</xmin>
			<ymin>325</ymin>
			<xmax>902</xmax>
			<ymax>709</ymax>
		</bndbox>
	</object>
</annotation>
