<annotation>
	<folder>images</folder>
	<filename>859_json.jpg</filename>
	<path>/home/anastasiia/CV_hse/pogruzchik/images/859_json.jpg</path>
	<source>
		<database>Unknown</database>
	</source>
	<size>
		<width>1200</width>
		<height>753</height>
		<depth>3</depth>
	</size>
	<segmented>0</segmented>
	<object>
		<name>manipulator</name>
		<pose>Unspecified</pose>
		<truncated>0</truncated>
		<difficult>0</difficult>
		<bndbox>
			<xmin>230</xmin>
			<ymin>191</ymin>
			<xmax>1053</xmax>
			<ymax>703</ymax>
		</bndbox>
	</object>
</annotation>
