<annotation>
	<folder>images</folder>
	<filename>869_json.jpg</filename>
	<path>/home/anastasiia/CV_hse/pogruzchik/images/869_json.jpg</path>
	<source>
		<database>Unknown</database>
	</source>
	<size>
		<width>1024</width>
		<height>768</height>
		<depth>3</depth>
	</size>
	<segmented>0</segmented>
	<object>
		<name>manipulator</name>
		<pose>Unspecified</pose>
		<truncated>0</truncated>
		<difficult>0</difficult>
		<bndbox>
			<xmin>79</xmin>
			<ymin>368</ymin>
			<xmax>860</xmax>
			<ymax>663</ymax>
		</bndbox>
	</object>
</annotation>
