<annotation>
	<folder>images</folder>
	<filename>888_json.jpg</filename>
	<path>/home/anastasiia/CV_hse/pogruzchik/images/888_json.jpg</path>
	<source>
		<database>Unknown</database>
	</source>
	<size>
		<width>1200</width>
		<height>757</height>
		<depth>3</depth>
	</size>
	<segmented>0</segmented>
	<object>
		<name>manipulator</name>
		<pose>Unspecified</pose>
		<truncated>0</truncated>
		<difficult>0</difficult>
		<bndbox>
			<xmin>166</xmin>
			<ymin>257</ymin>
			<xmax>1077</xmax>
			<ymax>663</ymax>
		</bndbox>
	</object>
</annotation>
