<annotation>
	<folder>images</folder>
	<filename>924_json.jpg</filename>
	<path>/home/anastasiia/CV_hse/pogruzchik/images/924_json.jpg</path>
	<source>
		<database>Unknown</database>
	</source>
	<size>
		<width>1078</width>
		<height>797</height>
		<depth>3</depth>
	</size>
	<segmented>0</segmented>
	<object>
		<name>manipulator</name>
		<pose>Unspecified</pose>
		<truncated>0</truncated>
		<difficult>0</difficult>
		<bndbox>
			<xmin>93</xmin>
			<ymin>178</ymin>
			<xmax>908</xmax>
			<ymax>742</ymax>
		</bndbox>
	</object>
</annotation>
