<annotation>
	<folder>images</folder>
	<filename>981_json.jpg</filename>
	<path>/home/anastasiia/CV_hse/pogruzchik/images/981_json.jpg</path>
	<source>
		<database>Unknown</database>
	</source>
	<size>
		<width>986</width>
		<height>800</height>
		<depth>3</depth>
	</size>
	<segmented>0</segmented>
	<object>
		<name>manipulator</name>
		<pose>Unspecified</pose>
		<truncated>0</truncated>
		<difficult>0</difficult>
		<bndbox>
			<xmin>207</xmin>
			<ymin>327</ymin>
			<xmax>925</xmax>
			<ymax>772</ymax>
		</bndbox>
	</object>
</annotation>
