<annotation>
	<folder>images</folder>
	<filename>1156_json.jpg</filename>
	<path>/home/aigerim/Загрузки/sok_fototruck_kran/images/1156_json.jpg</path>
	<source>
		<database>Unknown</database>
	</source>
	<size>
		<width>1190</width>
		<height>775</height>
		<depth>3</depth>
	</size>
	<segmented>0</segmented>
	<object>
		<name>kran</name>
		<pose>Unspecified</pose>
		<truncated>0</truncated>
		<difficult>0</difficult>
		<bndbox>
			<xmin>135</xmin>
			<ymin>95</ymin>
			<xmax>1041</xmax>
			<ymax>687</ymax>
		</bndbox>
	</object>
</annotation>
