<annotation verified="yes">
	<folder>images</folder>
	<filename>1174_json.jpg</filename>
	<path>/home/aigerim/Загрузки/sok_fototruck_kran/images/1174_json.jpg</path>
	<source>
		<database>Unknown</database>
	</source>
	<size>
		<width>1200</width>
		<height>783</height>
		<depth>3</depth>
	</size>
	<segmented>0</segmented>
	<object>
		<name>kran</name>
		<pose>Unspecified</pose>
		<truncated>0</truncated>
		<difficult>0</difficult>
		<bndbox>
			<xmin>224</xmin>
			<ymin>95</ymin>
			<xmax>981</xmax>
			<ymax>711</ymax>
		</bndbox>
	</object>
</annotation>
