<annotation>
	<folder>images</folder>
	<filename>1222_json.jpg</filename>
	<path>/home/aigerim/Загрузки/sok_fototruck_kran/images/1222_json.jpg</path>
	<source>
		<database>Unknown</database>
	</source>
	<size>
		<width>1024</width>
		<height>768</height>
		<depth>3</depth>
	</size>
	<segmented>0</segmented>
	<object>
		<name>kran</name>
		<pose>Unspecified</pose>
		<truncated>0</truncated>
		<difficult>0</difficult>
		<bndbox>
			<xmin>225</xmin>
			<ymin>167</ymin>
			<xmax>917</xmax>
			<ymax>696</ymax>
		</bndbox>
	</object>
</annotation>
