<annotation>
	<folder>images</folder>
	<filename>1253_json.jpg</filename>
	<path>/home/aigerim/Загрузки/sok_fototruck_kran/images/1253_json.jpg</path>
	<source>
		<database>Unknown</database>
	</source>
	<size>
		<width>1189</width>
		<height>777</height>
		<depth>3</depth>
	</size>
	<segmented>0</segmented>
	<object>
		<name>kran</name>
		<pose>Unspecified</pose>
		<truncated>0</truncated>
		<difficult>0</difficult>
		<bndbox>
			<xmin>249</xmin>
			<ymin>254</ymin>
			<xmax>1028</xmax>
			<ymax>677</ymax>
		</bndbox>
	</object>
</annotation>
