<annotation>
	<folder>images</folder>
	<filename>1349_json.jpg</filename>
	<path>/home/aigerim/Загрузки/sok_fototruck_kran/images/1349_json.jpg</path>
	<source>
		<database>Unknown</database>
	</source>
	<size>
		<width>978</width>
		<height>720</height>
		<depth>3</depth>
	</size>
	<segmented>0</segmented>
	<object>
		<name>kran</name>
		<pose>Unspecified</pose>
		<truncated>0</truncated>
		<difficult>0</difficult>
		<bndbox>
			<xmin>68</xmin>
			<ymin>77</ymin>
			<xmax>919</xmax>
			<ymax>609</ymax>
		</bndbox>
	</object>
</annotation>
