<annotation>
	<folder>images</folder>
	<filename>1566_json.jpg</filename>
	<path>/home/aigerim/Загрузки/sok_fototruck_kran/images/1566_json.jpg</path>
	<source>
		<database>Unknown</database>
	</source>
	<size>
		<width>1000</width>
		<height>848</height>
		<depth>3</depth>
	</size>
	<segmented>0</segmented>
	<object>
		<name>kran</name>
		<pose>Unspecified</pose>
		<truncated>0</truncated>
		<difficult>0</difficult>
		<bndbox>
			<xmin>32</xmin>
			<ymin>371</ymin>
			<xmax>516</xmax>
			<ymax>824</ymax>
		</bndbox>
	</object>
</annotation>
