<annotation>
	<folder>images</folder>
	<filename>1610_json.jpg</filename>
	<path>/home/aigerim/Загрузки/sok_fototruck_kran/images/1610_json.jpg</path>
	<source>
		<database>Unknown</database>
	</source>
	<size>
		<width>699</width>
		<height>1200</height>
		<depth>3</depth>
	</size>
	<segmented>0</segmented>
	<object>
		<name>kran</name>
		<pose>Unspecified</pose>
		<truncated>0</truncated>
		<difficult>0</difficult>
		<bndbox>
			<xmin>36</xmin>
			<ymin>761</ymin>
			<xmax>674</xmax>
			<ymax>1131</ymax>
		</bndbox>
	</object>
</annotation>
