<annotation>
	<folder>images</folder>
	<filename>1675_json.jpg</filename>
	<path>/home/aigerim/Загрузки/sok_fototruck_kran/images/1675_json.jpg</path>
	<source>
		<database>Unknown</database>
	</source>
	<size>
		<width>958</width>
		<height>630</height>
		<depth>3</depth>
	</size>
	<segmented>0</segmented>
	<object>
		<name>kran</name>
		<pose>Unspecified</pose>
		<truncated>0</truncated>
		<difficult>0</difficult>
		<bndbox>
			<xmin>398</xmin>
			<ymin>97</ymin>
			<xmax>762</xmax>
			<ymax>508</ymax>
		</bndbox>
	</object>
</annotation>
