<annotation>
	<folder>images</folder>
	<filename>1684_json.jpg</filename>
	<path>/home/aigerim/Загрузки/sok_fototruck_kran/images/1684_json.jpg</path>
	<source>
		<database>Unknown</database>
	</source>
	<size>
		<width>1200</width>
		<height>650</height>
		<depth>3</depth>
	</size>
	<segmented>0</segmented>
	<object>
		<name>kran</name>
		<pose>Unspecified</pose>
		<truncated>0</truncated>
		<difficult>0</difficult>
		<bndbox>
			<xmin>65</xmin>
			<ymin>92</ymin>
			<xmax>604</xmax>
			<ymax>606</ymax>
		</bndbox>
	</object>
	<object>
		<name>kran</name>
		<pose>Unspecified</pose>
		<truncated>0</truncated>
		<difficult>0</difficult>
		<bndbox>
			<xmin>584</xmin>
			<ymin>116</ymin>
			<xmax>1017</xmax>
			<ymax>592</ymax>
		</bndbox>
	</object>
</annotation>
