<annotation>
	<folder>images</folder>
	<filename>1716_json.jpg</filename>
	<path>/home/aigerim/Загрузки/sok_fototruck_kran/images/1716_json.jpg</path>
	<source>
		<database>Unknown</database>
	</source>
	<size>
		<width>1200</width>
		<height>775</height>
		<depth>3</depth>
	</size>
	<segmented>0</segmented>
	<object>
		<name>kran</name>
		<pose>Unspecified</pose>
		<truncated>0</truncated>
		<difficult>0</difficult>
		<bndbox>
			<xmin>91</xmin>
			<ymin>137</ymin>
			<xmax>1011</xmax>
			<ymax>720</ymax>
		</bndbox>
	</object>
</annotation>
