<annotation>
	<folder>images</folder>
	<filename>1749_json.jpg</filename>
	<path>/home/aigerim/Загрузки/sok_fototruck_kran/images/1749_json.jpg</path>
	<source>
		<database>Unknown</database>
	</source>
	<size>
		<width>865</width>
		<height>716</height>
		<depth>3</depth>
	</size>
	<segmented>0</segmented>
	<object>
		<name>kran</name>
		<pose>Unspecified</pose>
		<truncated>0</truncated>
		<difficult>0</difficult>
		<bndbox>
			<xmin>128</xmin>
			<ymin>75</ymin>
			<xmax>681</xmax>
			<ymax>641</ymax>
		</bndbox>
	</object>
</annotation>
