<annotation>
	<folder>images</folder>
	<filename>1927_json.jpg</filename>
	<path>/home/aigerim/Загрузки/sok_fototruck_kran/images/1927_json.jpg</path>
	<source>
		<database>Unknown</database>
	</source>
	<size>
		<width>1198</width>
		<height>800</height>
		<depth>3</depth>
	</size>
	<segmented>0</segmented>
	<object>
		<name>kran</name>
		<pose>Unspecified</pose>
		<truncated>0</truncated>
		<difficult>0</difficult>
		<bndbox>
			<xmin>95</xmin>
			<ymin>262</ymin>
			<xmax>870</xmax>
			<ymax>653</ymax>
		</bndbox>
	</object>
	<object>
		<name>kran</name>
		<pose>Unspecified</pose>
		<truncated>0</truncated>
		<difficult>0</difficult>
		<bndbox>
			<xmin>829</xmin>
			<ymin>326</ymin>
			<xmax>1139</xmax>
			<ymax>621</ymax>
		</bndbox>
	</object>
</annotation>
