<annotation>
	<folder>images</folder>
	<filename>1959_json.jpg</filename>
	<path>/home/aigerim/Загрузки/sok_fototruck_kran/images/1959_json.jpg</path>
	<source>
		<database>Unknown</database>
	</source>
	<size>
		<width>1100</width>
		<height>754</height>
		<depth>3</depth>
	</size>
	<segmented>0</segmented>
	<object>
		<name>kran</name>
		<pose>Unspecified</pose>
		<truncated>0</truncated>
		<difficult>0</difficult>
		<bndbox>
			<xmin>454</xmin>
			<ymin>315</ymin>
			<xmax>862</xmax>
			<ymax>706</ymax>
		</bndbox>
	</object>
</annotation>
