<annotation>
	<folder>images</folder>
	<filename>1963_json.jpg</filename>
	<path>/home/aigerim/Загрузки/sok_fototruck_kran/images/1963_json.jpg</path>
	<source>
		<database>Unknown</database>
	</source>
	<size>
		<width>1100</width>
		<height>809</height>
		<depth>3</depth>
	</size>
	<segmented>0</segmented>
	<object>
		<name>kran</name>
		<pose>Unspecified</pose>
		<truncated>0</truncated>
		<difficult>0</difficult>
		<bndbox>
			<xmin>84</xmin>
			<ymin>155</ymin>
			<xmax>1020</xmax>
			<ymax>764</ymax>
		</bndbox>
	</object>
</annotation>
