<annotation>
	<folder>images</folder>
	<filename>2034_json.jpg</filename>
	<path>/home/aigerim/Загрузки/sok_fototruck_kran/images/2034_json.jpg</path>
	<source>
		<database>Unknown</database>
	</source>
	<size>
		<width>935</width>
		<height>640</height>
		<depth>3</depth>
	</size>
	<segmented>0</segmented>
	<object>
		<name>kran</name>
		<pose>Unspecified</pose>
		<truncated>0</truncated>
		<difficult>0</difficult>
		<bndbox>
			<xmin>115</xmin>
			<ymin>51</ymin>
			<xmax>779</xmax>
			<ymax>564</ymax>
		</bndbox>
	</object>
</annotation>
