<annotation>
	<folder>images</folder>
	<filename>2108_json.jpg</filename>
	<path>/home/aigerim/Загрузки/sok_fototruck_kran/images/2108_json.jpg</path>
	<source>
		<database>Unknown</database>
	</source>
	<size>
		<width>1024</width>
		<height>633</height>
		<depth>3</depth>
	</size>
	<segmented>0</segmented>
	<object>
		<name>kran</name>
		<pose>Unspecified</pose>
		<truncated>0</truncated>
		<difficult>0</difficult>
		<bndbox>
			<xmin>92</xmin>
			<ymin>50</ymin>
			<xmax>963</xmax>
			<ymax>610</ymax>
		</bndbox>
	</object>
</annotation>
