<annotation>
	<folder>images</folder>
	<filename>210_json.jpg</filename>
	<path>/home/aigerim/Загрузки/sok_fototruck_kran/images/210_json.jpg</path>
	<source>
		<database>Unknown</database>
	</source>
	<size>
		<width>1120</width>
		<height>756</height>
		<depth>3</depth>
	</size>
	<segmented>0</segmented>
	<object>
		<name>kran</name>
		<pose>Unspecified</pose>
		<truncated>0</truncated>
		<difficult>0</difficult>
		<bndbox>
			<xmin>135</xmin>
			<ymin>303</ymin>
			<xmax>1003</xmax>
			<ymax>664</ymax>
		</bndbox>
	</object>
</annotation>
