<annotation>
	<folder>images</folder>
	<filename>2270_json.jpg</filename>
	<path>/home/aigerim/Загрузки/sok_fototruck_kran/images/2270_json.jpg</path>
	<source>
		<database>Unknown</database>
	</source>
	<size>
		<width>1096</width>
		<height>731</height>
		<depth>3</depth>
	</size>
	<segmented>0</segmented>
	<object>
		<name>kran</name>
		<pose>Unspecified</pose>
		<truncated>0</truncated>
		<difficult>0</difficult>
		<bndbox>
			<xmin>113</xmin>
			<ymin>59</ymin>
			<xmax>842</xmax>
			<ymax>626</ymax>
		</bndbox>
	</object>
</annotation>
