<annotation>
	<folder>images</folder>
	<filename>2446_json.jpg</filename>
	<path>/home/aigerim/Загрузки/sok_fototruck_kran/images/2446_json.jpg</path>
	<source>
		<database>Unknown</database>
	</source>
	<size>
		<width>1024</width>
		<height>768</height>
		<depth>3</depth>
	</size>
	<segmented>0</segmented>
	<object>
		<name>kran</name>
		<pose>Unspecified</pose>
		<truncated>0</truncated>
		<difficult>0</difficult>
		<bndbox>
			<xmin>381</xmin>
			<ymin>143</ymin>
			<xmax>895</xmax>
			<ymax>724</ymax>
		</bndbox>
	</object>
</annotation>
