<annotation>
	<folder>images</folder>
	<filename>244_json.jpg</filename>
	<path>/home/aigerim/Загрузки/sok_fototruck_kran/images/244_json.jpg</path>
	<source>
		<database>Unknown</database>
	</source>
	<size>
		<width>1200</width>
		<height>787</height>
		<depth>3</depth>
	</size>
	<segmented>0</segmented>
	<object>
		<name>kran</name>
		<pose>Unspecified</pose>
		<truncated>0</truncated>
		<difficult>0</difficult>
		<bndbox>
			<xmin>124</xmin>
			<ymin>144</ymin>
			<xmax>1101</xmax>
			<ymax>675</ymax>
		</bndbox>
	</object>
</annotation>
