<annotation verified="yes">
	<folder>images</folder>
	<filename>2549_json.jpg</filename>
	<path>/home/aigerim/Загрузки/sok_fototruck_kran/images/2549_json.jpg</path>
	<source>
		<database>Unknown</database>
	</source>
	<size>
		<width>899</width>
		<height>800</height>
		<depth>3</depth>
	</size>
	<segmented>0</segmented>
	<object>
		<name>kran</name>
		<pose>Unspecified</pose>
		<truncated>0</truncated>
		<difficult>0</difficult>
		<bndbox>
			<xmin>336</xmin>
			<ymin>505</ymin>
			<xmax>638</xmax>
			<ymax>783</ymax>
		</bndbox>
	</object>
</annotation>
