<annotation>
	<folder>images</folder>
	<filename>2571_json.jpg</filename>
	<path>/home/aigerim/Загрузки/sok_fototruck_kran/images/2571_json.jpg</path>
	<source>
		<database>Unknown</database>
	</source>
	<size>
		<width>1030</width>
		<height>773</height>
		<depth>3</depth>
	</size>
	<segmented>0</segmented>
	<object>
		<name>kran</name>
		<pose>Unspecified</pose>
		<truncated>0</truncated>
		<difficult>0</difficult>
		<bndbox>
			<xmin>125</xmin>
			<ymin>162</ymin>
			<xmax>889</xmax>
			<ymax>663</ymax>
		</bndbox>
	</object>
</annotation>
