<annotation>
	<folder>images</folder>
	<filename>2585_json.jpg</filename>
	<path>/home/aigerim/Загрузки/sok_fototruck_kran/images/2585_json.jpg</path>
	<source>
		<database>Unknown</database>
	</source>
	<size>
		<width>1040</width>
		<height>780</height>
		<depth>3</depth>
	</size>
	<segmented>0</segmented>
	<object>
		<name>kran</name>
		<pose>Unspecified</pose>
		<truncated>0</truncated>
		<difficult>0</difficult>
		<bndbox>
			<xmin>203</xmin>
			<ymin>504</ymin>
			<xmax>593</xmax>
			<ymax>752</ymax>
		</bndbox>
	</object>
</annotation>
