<annotation>
	<folder>images</folder>
	<filename>2598_json.jpg</filename>
	<path>/home/aigerim/Загрузки/sok_fototruck_kran/images/2598_json.jpg</path>
	<source>
		<database>Unknown</database>
	</source>
	<size>
		<width>800</width>
		<height>1084</height>
		<depth>3</depth>
	</size>
	<segmented>0</segmented>
	<object>
		<name>kran</name>
		<pose>Unspecified</pose>
		<truncated>0</truncated>
		<difficult>0</difficult>
		<bndbox>
			<xmin>244</xmin>
			<ymin>770</ymin>
			<xmax>572</xmax>
			<ymax>1026</ymax>
		</bndbox>
	</object>
</annotation>
