<annotation>
	<folder>images</folder>
	<filename>2788_json.jpg</filename>
	<path>/home/aigerim/Загрузки/sok_fototruck_kran/images/2788_json.jpg</path>
	<source>
		<database>Unknown</database>
	</source>
	<size>
		<width>1193</width>
		<height>665</height>
		<depth>3</depth>
	</size>
	<segmented>0</segmented>
	<object>
		<name>kran</name>
		<pose>Unspecified</pose>
		<truncated>0</truncated>
		<difficult>0</difficult>
		<bndbox>
			<xmin>259</xmin>
			<ymin>240</ymin>
			<xmax>919</xmax>
			<ymax>613</ymax>
		</bndbox>
	</object>
</annotation>
