<annotation>
	<folder>images</folder>
	<filename>2796_json.jpg</filename>
	<path>/home/aigerim/Загрузки/sok_fototruck_kran/images/2796_json.jpg</path>
	<source>
		<database>Unknown</database>
	</source>
	<size>
		<width>1100</width>
		<height>707</height>
		<depth>3</depth>
	</size>
	<segmented>0</segmented>
	<object>
		<name>kran</name>
		<pose>Unspecified</pose>
		<truncated>0</truncated>
		<difficult>0</difficult>
		<bndbox>
			<xmin>205</xmin>
			<ymin>240</ymin>
			<xmax>827</xmax>
			<ymax>599</ymax>
		</bndbox>
	</object>
</annotation>
