<annotation>
	<folder>images</folder>
	<filename>2892_json.jpg</filename>
	<path>/home/aigerim/Загрузки/sok_fototruck_kran/images/2892_json.jpg</path>
	<source>
		<database>Unknown</database>
	</source>
	<size>
		<width>1024</width>
		<height>733</height>
		<depth>3</depth>
	</size>
	<segmented>0</segmented>
	<object>
		<name>kran</name>
		<pose>Unspecified</pose>
		<truncated>0</truncated>
		<difficult>0</difficult>
		<bndbox>
			<xmin>296</xmin>
			<ymin>218</ymin>
			<xmax>968</xmax>
			<ymax>673</ymax>
		</bndbox>
	</object>
</annotation>
