<annotation>
	<folder>images</folder>
	<filename>3303_json.jpg</filename>
	<path>/home/aigerim/Загрузки/sok_fototruck_kran/images/3303_json.jpg</path>
	<source>
		<database>Unknown</database>
	</source>
	<size>
		<width>1200</width>
		<height>800</height>
		<depth>3</depth>
	</size>
	<segmented>0</segmented>
	<object>
		<name>kran</name>
		<pose>Unspecified</pose>
		<truncated>0</truncated>
		<difficult>0</difficult>
		<bndbox>
			<xmin>101</xmin>
			<ymin>186</ymin>
			<xmax>1125</xmax>
			<ymax>732</ymax>
		</bndbox>
	</object>
</annotation>
