<annotation>
	<folder>images</folder>
	<filename>3428_json.jpg</filename>
	<path>/home/aigerim/Загрузки/sok_fototruck_kran/images/3428_json.jpg</path>
	<source>
		<database>Unknown</database>
	</source>
	<size>
		<width>1024</width>
		<height>767</height>
		<depth>3</depth>
	</size>
	<segmented>0</segmented>
	<object>
		<name>kran</name>
		<pose>Unspecified</pose>
		<truncated>0</truncated>
		<difficult>0</difficult>
		<bndbox>
			<xmin>377</xmin>
			<ymin>139</ymin>
			<xmax>952</xmax>
			<ymax>627</ymax>
		</bndbox>
	</object>
</annotation>
