<annotation>
	<folder>images</folder>
	<filename>3466_json.jpg</filename>
	<path>/home/aigerim/Загрузки/sok_fototruck_kran/images/3466_json.jpg</path>
	<source>
		<database>Unknown</database>
	</source>
	<size>
		<width>1100</width>
		<height>769</height>
		<depth>3</depth>
	</size>
	<segmented>0</segmented>
	<object>
		<name>kran</name>
		<pose>Unspecified</pose>
		<truncated>0</truncated>
		<difficult>0</difficult>
		<bndbox>
			<xmin>196</xmin>
			<ymin>233</ymin>
			<xmax>951</xmax>
			<ymax>723</ymax>
		</bndbox>
	</object>
</annotation>
