<annotation>
	<folder>images</folder>
	<filename>3467_json.jpg</filename>
	<path>/home/aigerim/Загрузки/sok_fototruck_kran/images/3467_json.jpg</path>
	<source>
		<database>Unknown</database>
	</source>
	<size>
		<width>1024</width>
		<height>762</height>
		<depth>3</depth>
	</size>
	<segmented>0</segmented>
	<object>
		<name>kran</name>
		<pose>Unspecified</pose>
		<truncated>1</truncated>
		<difficult>0</difficult>
		<bndbox>
			<xmin>304</xmin>
			<ymin>404</ymin>
			<xmax>697</xmax>
			<ymax>762</ymax>
		</bndbox>
	</object>
</annotation>
