<annotation>
	<folder>images</folder>
	<filename>3620_json.jpg</filename>
	<path>/home/aigerim/Загрузки/sok_fototruck_kran/images/3620_json.jpg</path>
	<source>
		<database>Unknown</database>
	</source>
	<size>
		<width>1066</width>
		<height>800</height>
		<depth>3</depth>
	</size>
	<segmented>0</segmented>
	<object>
		<name>kran</name>
		<pose>Unspecified</pose>
		<truncated>0</truncated>
		<difficult>0</difficult>
		<bndbox>
			<xmin>152</xmin>
			<ymin>144</ymin>
			<xmax>744</xmax>
			<ymax>721</ymax>
		</bndbox>
	</object>
</annotation>
