<annotation>
	<folder>images</folder>
	<filename>364_json.jpg</filename>
	<path>/home/aigerim/Загрузки/sok_fototruck_kran/images/364_json.jpg</path>
	<source>
		<database>Unknown</database>
	</source>
	<size>
		<width>1065</width>
		<height>799</height>
		<depth>3</depth>
	</size>
	<segmented>0</segmented>
	<object>
		<name>kran</name>
		<pose>Unspecified</pose>
		<truncated>0</truncated>
		<difficult>0</difficult>
		<bndbox>
			<xmin>230</xmin>
			<ymin>207</ymin>
			<xmax>930</xmax>
			<ymax>688</ymax>
		</bndbox>
	</object>
</annotation>
