<annotation>
	<folder>images</folder>
	<filename>3687_json.jpg</filename>
	<path>/home/aigerim/Загрузки/sok_fototruck_kran/images/3687_json.jpg</path>
	<source>
		<database>Unknown</database>
	</source>
	<size>
		<width>1080</width>
		<height>789</height>
		<depth>3</depth>
	</size>
	<segmented>0</segmented>
	<object>
		<name>kran</name>
		<pose>Unspecified</pose>
		<truncated>0</truncated>
		<difficult>0</difficult>
		<bndbox>
			<xmin>403</xmin>
			<ymin>438</ymin>
			<xmax>956</xmax>
			<ymax>760</ymax>
		</bndbox>
	</object>
</annotation>
