<annotation>
	<folder>images</folder>
	<filename>3818_json.jpg</filename>
	<path>/home/aigerim/Загрузки/sok_fototruck_kran/images/3818_json.jpg</path>
	<source>
		<database>Unknown</database>
	</source>
	<size>
		<width>1200</width>
		<height>800</height>
		<depth>3</depth>
	</size>
	<segmented>0</segmented>
	<object>
		<name>kran</name>
		<pose>Unspecified</pose>
		<truncated>0</truncated>
		<difficult>0</difficult>
		<bndbox>
			<xmin>181</xmin>
			<ymin>293</ymin>
			<xmax>1098</xmax>
			<ymax>752</ymax>
		</bndbox>
	</object>
</annotation>
