<annotation>
	<folder>images</folder>
	<filename>3977_json.jpg</filename>
	<path>/home/aigerim/Загрузки/sok_fototruck_kran/images/3977_json.jpg</path>
	<source>
		<database>Unknown</database>
	</source>
	<size>
		<width>1200</width>
		<height>798</height>
		<depth>3</depth>
	</size>
	<segmented>0</segmented>
	<object>
		<name>kran</name>
		<pose>Unspecified</pose>
		<truncated>0</truncated>
		<difficult>0</difficult>
		<bndbox>
			<xmin>348</xmin>
			<ymin>152</ymin>
			<xmax>940</xmax>
			<ymax>734</ymax>
		</bndbox>
	</object>
</annotation>
