<annotation>
	<folder>images</folder>
	<filename>4175_json.jpg</filename>
	<path>/home/aigerim/Загрузки/sok_fototruck_kran/images/4175_json.jpg</path>
	<source>
		<database>Unknown</database>
	</source>
	<size>
		<width>995</width>
		<height>745</height>
		<depth>3</depth>
	</size>
	<segmented>0</segmented>
	<object>
		<name>kran</name>
		<pose>Unspecified</pose>
		<truncated>0</truncated>
		<difficult>0</difficult>
		<bndbox>
			<xmin>139</xmin>
			<ymin>143</ymin>
			<xmax>772</xmax>
			<ymax>626</ymax>
		</bndbox>
	</object>
</annotation>
