<annotation>
	<folder>images</folder>
	<filename>4191_json.jpg</filename>
	<path>/home/aigerim/Загрузки/sok_fototruck_kran/images/4191_json.jpg</path>
	<source>
		<database>Unknown</database>
	</source>
	<size>
		<width>1008</width>
		<height>802</height>
		<depth>3</depth>
	</size>
	<segmented>0</segmented>
	<object>
		<name>kran</name>
		<pose>Unspecified</pose>
		<truncated>0</truncated>
		<difficult>0</difficult>
		<bndbox>
			<xmin>266</xmin>
			<ymin>372</ymin>
			<xmax>825</xmax>
			<ymax>743</ymax>
		</bndbox>
	</object>
</annotation>
