<annotation>
	<folder>images</folder>
	<filename>4225_json.jpg</filename>
	<path>/home/aigerim/Загрузки/sok_fototruck_kran/images/4225_json.jpg</path>
	<source>
		<database>Unknown</database>
	</source>
	<size>
		<width>1169</width>
		<height>732</height>
		<depth>3</depth>
	</size>
	<segmented>0</segmented>
	<object>
		<name>kran</name>
		<pose>Unspecified</pose>
		<truncated>0</truncated>
		<difficult>0</difficult>
		<bndbox>
			<xmin>232</xmin>
			<ymin>137</ymin>
			<xmax>1111</xmax>
			<ymax>709</ymax>
		</bndbox>
	</object>
</annotation>
