<annotation>
	<folder>images</folder>
	<filename>4290_json.jpg</filename>
	<path>/home/aigerim/Загрузки/sok_fototruck_kran/images/4290_json.jpg</path>
	<source>
		<database>Unknown</database>
	</source>
	<size>
		<width>1110</width>
		<height>849</height>
		<depth>3</depth>
	</size>
	<segmented>0</segmented>
	<object>
		<name>kran</name>
		<pose>Unspecified</pose>
		<truncated>0</truncated>
		<difficult>0</difficult>
		<bndbox>
			<xmin>148</xmin>
			<ymin>255</ymin>
			<xmax>844</xmax>
			<ymax>794</ymax>
		</bndbox>
	</object>
</annotation>
