<annotation>
	<folder>images</folder>
	<filename>4296_json.jpg</filename>
	<path>/home/aigerim/Загрузки/sok_fototruck_kran/images/4296_json.jpg</path>
	<source>
		<database>Unknown</database>
	</source>
	<size>
		<width>1040</width>
		<height>720</height>
		<depth>3</depth>
	</size>
	<segmented>0</segmented>
	<object>
		<name>kran</name>
		<pose>Unspecified</pose>
		<truncated>0</truncated>
		<difficult>0</difficult>
		<bndbox>
			<xmin>194</xmin>
			<ymin>175</ymin>
			<xmax>872</xmax>
			<ymax>650</ymax>
		</bndbox>
	</object>
</annotation>
