<annotation>
	<folder>images</folder>
	<filename>4358_json.jpg</filename>
	<path>/home/aigerim/Загрузки/sok_fototruck_kran/images/4358_json.jpg</path>
	<source>
		<database>Unknown</database>
	</source>
	<size>
		<width>902</width>
		<height>603</height>
		<depth>3</depth>
	</size>
	<segmented>0</segmented>
	<object>
		<name>kran</name>
		<pose>Unspecified</pose>
		<truncated>0</truncated>
		<difficult>0</difficult>
		<bndbox>
			<xmin>27</xmin>
			<ymin>67</ymin>
			<xmax>780</xmax>
			<ymax>555</ymax>
		</bndbox>
	</object>
</annotation>
