<annotation>
	<folder>images</folder>
	<filename>4365_json.jpg</filename>
	<path>/home/aigerim/Загрузки/sok_fototruck_kran/images/4365_json.jpg</path>
	<source>
		<database>Unknown</database>
	</source>
	<size>
		<width>1150</width>
		<height>800</height>
		<depth>3</depth>
	</size>
	<segmented>0</segmented>
	<object>
		<name>kran</name>
		<pose>Unspecified</pose>
		<truncated>0</truncated>
		<difficult>0</difficult>
		<bndbox>
			<xmin>76</xmin>
			<ymin>179</ymin>
			<xmax>893</xmax>
			<ymax>782</ymax>
		</bndbox>
	</object>
</annotation>
