<annotation verified="yes">
	<folder>images</folder>
	<filename>446_json.jpg</filename>
	<path>/home/aigerim/Загрузки/sok_fototruck_kran/images/446_json.jpg</path>
	<source>
		<database>Unknown</database>
	</source>
	<size>
		<width>857</width>
		<height>614</height>
		<depth>3</depth>
	</size>
	<segmented>0</segmented>
	<object>
		<name>kran</name>
		<pose>Unspecified</pose>
		<truncated>0</truncated>
		<difficult>0</difficult>
		<bndbox>
			<xmin>84</xmin>
			<ymin>9</ymin>
			<xmax>776</xmax>
			<ymax>599</ymax>
		</bndbox>
	</object>
</annotation>
