<annotation>
	<folder>images</folder>
	<filename>4594_json.jpg</filename>
	<path>/home/aigerim/Загрузки/sok_fototruck_kran/images/4594_json.jpg</path>
	<source>
		<database>Unknown</database>
	</source>
	<size>
		<width>1050</width>
		<height>701</height>
		<depth>3</depth>
	</size>
	<segmented>0</segmented>
	<object>
		<name>kran</name>
		<pose>Unspecified</pose>
		<truncated>0</truncated>
		<difficult>0</difficult>
		<bndbox>
			<xmin>124</xmin>
			<ymin>210</ymin>
			<xmax>895</xmax>
			<ymax>633</ymax>
		</bndbox>
	</object>
</annotation>
