<annotation>
	<folder>images</folder>
	<filename>4618_json.jpg</filename>
	<path>/home/aigerim/Загрузки/sok_fototruck_kran/images/4618_json.jpg</path>
	<source>
		<database>Unknown</database>
	</source>
	<size>
		<width>1100</width>
		<height>883</height>
		<depth>3</depth>
	</size>
	<segmented>0</segmented>
	<object>
		<name>kran</name>
		<pose>Unspecified</pose>
		<truncated>0</truncated>
		<difficult>0</difficult>
		<bndbox>
			<xmin>126</xmin>
			<ymin>346</ymin>
			<xmax>654</xmax>
			<ymax>843</ymax>
		</bndbox>
	</object>
</annotation>
