<annotation>
	<folder>images</folder>
	<filename>4745_json.jpg</filename>
	<path>/home/aigerim/Загрузки/sok_fototruck_kran/images/4745_json.jpg</path>
	<source>
		<database>Unknown</database>
	</source>
	<size>
		<width>1199</width>
		<height>799</height>
		<depth>3</depth>
	</size>
	<segmented>0</segmented>
	<object>
		<name>kran</name>
		<pose>Unspecified</pose>
		<truncated>0</truncated>
		<difficult>0</difficult>
		<bndbox>
			<xmin>247</xmin>
			<ymin>167</ymin>
			<xmax>814</xmax>
			<ymax>699</ymax>
		</bndbox>
	</object>
</annotation>
