<annotation>
	<folder>images</folder>
	<filename>606_json.jpg</filename>
	<path>/home/aigerim/Загрузки/sok_fototruck_kran/images/606_json.jpg</path>
	<source>
		<database>Unknown</database>
	</source>
	<size>
		<width>1147</width>
		<height>768</height>
		<depth>3</depth>
	</size>
	<segmented>0</segmented>
	<object>
		<name>kran</name>
		<pose>Unspecified</pose>
		<truncated>0</truncated>
		<difficult>0</difficult>
		<bndbox>
			<xmin>9</xmin>
			<ymin>47</ymin>
			<xmax>1112</xmax>
			<ymax>704</ymax>
		</bndbox>
	</object>
</annotation>
