<annotation>
	<folder>images</folder>
	<filename>691_json.jpg</filename>
	<path>/home/aigerim/Загрузки/sok_fototruck_kran/images/691_json.jpg</path>
	<source>
		<database>Unknown</database>
	</source>
	<size>
		<width>1024</width>
		<height>768</height>
		<depth>3</depth>
	</size>
	<segmented>0</segmented>
	<object>
		<name>kran</name>
		<pose>Unspecified</pose>
		<truncated>0</truncated>
		<difficult>0</difficult>
		<bndbox>
			<xmin>150</xmin>
			<ymin>254</ymin>
			<xmax>967</xmax>
			<ymax>715</ymax>
		</bndbox>
	</object>
</annotation>
