<annotation>
	<folder>images</folder>
	<filename>747_json.jpg</filename>
	<path>/home/aigerim/Загрузки/sok_fototruck_kran/images/747_json.jpg</path>
	<source>
		<database>Unknown</database>
	</source>
	<size>
		<width>1039</width>
		<height>720</height>
		<depth>3</depth>
	</size>
	<segmented>0</segmented>
	<object>
		<name>kran</name>
		<pose>Unspecified</pose>
		<truncated>0</truncated>
		<difficult>0</difficult>
		<bndbox>
			<xmin>165</xmin>
			<ymin>77</ymin>
			<xmax>851</xmax>
			<ymax>665</ymax>
		</bndbox>
	</object>
</annotation>
