<annotation>
	<folder>images</folder>
	<filename>94_json.jpg</filename>
	<path>/home/aigerim/Загрузки/sok_fototruck_kran/images/94_json.jpg</path>
	<source>
		<database>Unknown</database>
	</source>
	<size>
		<width>1178</width>
		<height>728</height>
		<depth>3</depth>
	</size>
	<segmented>0</segmented>
	<object>
		<name>kran</name>
		<pose>Unspecified</pose>
		<truncated>0</truncated>
		<difficult>0</difficult>
		<bndbox>
			<xmin>208</xmin>
			<ymin>107</ymin>
			<xmax>850</xmax>
			<ymax>673</ymax>
		</bndbox>
	</object>
</annotation>
