<annotation>
	<folder>images</folder>
	<filename>971_json.jpg</filename>
	<path>/home/aigerim/Загрузки/sok_fototruck_kran/images/971_json.jpg</path>
	<source>
		<database>Unknown</database>
	</source>
	<size>
		<width>912</width>
		<height>599</height>
		<depth>3</depth>
	</size>
	<segmented>0</segmented>
	<object>
		<name>kran</name>
		<pose>Unspecified</pose>
		<truncated>0</truncated>
		<difficult>0</difficult>
		<bndbox>
			<xmin>92</xmin>
			<ymin>53</ymin>
			<xmax>785</xmax>
			<ymax>546</ymax>
		</bndbox>
	</object>
</annotation>
